Site,Date,Enterococcus,Weather
CIC2,12/18/17,520,W
GC3,12/18/17,10,W
GC4,12/18/17,10,W
GC5,12/18/17,30,W
GC6,12/18/17,20,W
SP1,12/18/17,10,W
AC1,12/12/17,9000,D
AC2,12/12/17,8000,D
BR1,12/12/17,200,D
BR3,12/12/17,228,D
E12,12/12/17,20,D
E13,12/12/17,5,D
HR03,12/12/17,276,D
HR1,12/12/17,64,D
HR2,12/12/17,340,D
WC1,12/12/17,88,D
WC2,12/12/17,490,D
WC3,12/12/17,24,D
BB2,12/11/17,16,W
BB4,12/11/17,4,W
GHC,12/11/17,2,W
HOB,12/11/17,4,W
J1,12/11/17,2,W
J10,12/11/17,2,W
J11,12/11/17,16,W
J12,12/11/17,2,W
J2,12/11/17,4,W
J3,12/11/17,2,W
J5,12/11/17,2,W
J7,12/11/17,2,W
J8,12/11/17,2,W
J9A,12/11/17,2,W
JA1,12/11/17,2,W
N16,12/11/17,2,W
N9,12/11/17,89,W
N9A,12/11/17,20,W
PB2,12/11/17,4,W
PB3,12/11/17,2,W
SP2,12/11/17,8,W
TB1,12/11/17,8,W
TB2,12/11/17,8,W
F1,12/7/17,12,D
F5,12/7/17,2,D
HC1,12/7/17,140,D
HC2,12/7/17,2,D
HC3,12/7/17,12,D
J14,12/7/17,8,D
J16,12/7/17,4,D
J18,12/7/17,12,D
CIC3,12/5/17,NS,NS
G2,12/5/17,31,D
GB1,12/5/17,NS,NS
K1,12/5/17,4,D
K2,12/5/17,17,D
K3,12/5/17,32,D
K4,12/5/17,23,D
K5,12/5/17,16,D
K5A,12/5/17,14,D
K6,12/5/17,NS,NS
N6,12/5/17,1,D
N7,12/5/17,4,D
N8,12/5/17,NS,NS
NC0,12/5/17,208,D
NC1,12/5/17,96,D
NC2,12/5/17,56,D
NC3,12/5/17,20,D
BR5,12/4/17,2,D
E10,12/4/17,1,D
E11,12/4/17,2,D
E14,12/4/17,9,D
E15,12/4/17,12,D
E2,12/4/17,10,D
E4,12/4/17,8,D
E6,12/4/17,5,D
E7,12/4/17,2,D
E8,12/4/17,2,D
FB1,12/4/17,20,D
FLC1,12/4/17,64,D
FLC2,12/4/17,22,D
H3,12/4/17,8,D
LN1,12/4/17,30,D
N1,12/4/17,13,D
N3B,12/4/17,6,D
N4,12/4/17,12,D
N5,12/4/17,5,D
NR1,12/4/17,11,D
F1,11/21/17,12,D
F5,11/21/17,4,D
HC1,11/21/17,18,D
HC2,11/21/17,2,D
HC3,11/21/17,2,D
J14,11/21/17,2,D
J16,11/21/17,2,D
J18,11/21/17,2,D
CIC3,11/20/17,51,D
G2,11/20/17,8,D
GB1,11/20/17,1,D
K1,11/20/17,14,D
K2,11/20/17,9,D
K3,11/20/17,43,D
K4,11/20/17,56,D
K5,11/20/17,17,D
K5A,11/20/17,9,D
K6,11/20/17,NS,NS
N6,11/20/17,13,D
N7,11/20/17,9,D
N8,11/20/17,4,D
NC0,11/20/17,48,D
NC1,11/20/17,48,D
NC2,11/20/17,44,D
NC3,11/20/17,12,D
AC1,11/16/17,600,W
AC2,11/16/17,2100,W
BR1,11/16/17,17000,W
BR3,11/16/17,220,W
E12,11/16/17,10,W
E13,11/16/17,12,W
HR03,11/16/17,600,W
HR1,11/16/17,20,W
HR2,11/16/17,240,W
WC1,11/16/17,500,W
WC2,11/16/17,1700,W
WC3,11/16/17,12,W
CIC2,11/14/17,4700,D
GC3,11/14/17,12,D
GC4,11/14/17,196,D
GC5,11/14/17,196,D
GC6,11/14/17,112,D
SP1,11/14/17,82,D
BR5,11/13/17,78,D
E10,11/13/17,1,D
E11,11/13/17,3,D
E14,11/13/17,8,D
E15,11/13/17,86,D
E2,11/13/17,20,D
E4,11/13/17,10,D
E6,11/13/17,72,D
E7,11/13/17,5,D
E8,11/13/17,5,D
FB1,11/13/17,210,D
FLC1,11/13/17,100,D
FLC2,11/13/17,200,D
H3,11/13/17,16,D
LN1,11/13/17,NS,NS
N1,11/13/17,32,D
N3B,11/13/17,16,D
N4,11/13/17,16,D
N5,11/13/17,10,D
NR1,11/13/17,27,D
BB2,11/1/17,490,D
BB4,11/1/17,56,D
GHC,11/1/17,17,D
HOB,11/1/17,50,D
J1,11/1/17,4,D
J10,11/1/17,3,D
J11,11/1/17,1,D
J12,11/1/17,10,D
J2,11/1/17,1,D
J3,11/1/17,5,D
J5,11/1/17,8,D
J7,11/1/17,3,D
J8,11/1/17,6,D
J9A,11/1/17,9,D
JA1,11/1/17,6,D
N16,11/1/17,1,D
N9,11/1/17,4,D
N9A,11/1/17,4,D
PB2,11/1/17,17,D
PB3,11/1/17,3,D
SP2,11/1/17,3,D
TB1,11/1/17,250,D
TB2,11/1/17,126,D
AC1,10/26/17,5800,D
AC2,10/26/17,400,D
BR1,10/26/17,168,D
BR3,10/26/17,132,D
E12,10/26/17,NS,NS
E13,10/26/17,4,D
HR03,10/26/17,NS,NS
HR1,10/26/17,NS,NS
HR2,10/26/17,NS,NS
WC1,10/26/17,114,D
WC2,10/26/17,58,D
WC3,10/26/17,9,D
F1,10/25/17,28,W
F5,10/25/17,36,W
HC1,10/25/17,10,W
HC2,10/25/17,10,W
HC3,10/25/17,10,W
J14,10/25/17,8,W
J16,10/25/17,4,W
J18,10/25/17,4,W
CIC2,10/23/17,8,D
GC3,10/23/17,4,D
GC4,10/23/17,8,D
GC5,10/23/17,4,D
GC6,10/23/17,12,D
SP1,10/23/17,2,D
F1,10/19/17,8,D
F5,10/19/17,4,D
HC1,10/19/17,20,D
HC2,10/19/17,10,D
HC3,10/19/17,4,D
J14,10/19/17,10,D
J16,10/19/17,4,D
J18,10/19/17,4,D
CIC3,10/17/17,29,D
E12,10/17/17,4,D
E13,10/17/17,1,D
G2,10/17/17,12,D
GB1,10/17/17,3,D
HR03,10/17/17,12,D
HR1,10/17/17,4,D
HR2,10/17/17,160,D
K1,10/17/17,1,D
K2,10/17/17,20,D
K3,10/17/17,1,D
K4,10/17/17,7,D
K5,10/17/17,8,D
K5A,10/17/17,3,D
K6,10/17/17,1,D
N6,10/17/17,1,D
N7,10/17/17,1,D
N8,10/17/17,2,D
NC0,10/17/17,32,D
NC1,10/17/17,4,D
NC2,10/17/17,16,D
NC3,10/17/17,8,D
WC1,10/17/17,8,D
WC2,10/17/17,40,D
WC3,10/17/17,2,D
BR5,10/16/17,13,D
CIC2,10/16/17,1100,D
E10,10/16/17,1,D
E11,10/16/17,2,D
E14,10/16/17,1,D
E15,10/16/17,16,D
E2,10/16/17,4,D
E4,10/16/17,3,D
E6,10/16/17,3,D
E7,10/16/17,1,D
E8,10/16/17,1,D
FB1,10/16/17,7,D
FLC1,10/16/17,76,D
FLC2,10/16/17,51,D
GC3,10/16/17,4,D
GC4,10/16/17,16,D
GC5,10/16/17,8,D
GC6,10/16/17,36,D
H3,10/16/17,8,D
LN1,10/16/17,1,D
N1,10/16/17,2,D
N3B,10/16/17,1,D
N4,10/16/17,5,D
N5,10/16/17,4,D
NR1,10/16/17,1,D
SP1,10/16/17,18,D
AC1,10/13/17,9000,D
AC2,10/13/17,16000,D
BR1,10/13/17,152,D
BR3,10/13/17,100,D
BR5,10/12/17,230,D
E10,10/12/17,NS,NS
E11,10/12/17,6,D
E12,10/12/17,68,D
E13,10/12/17,4,D
E14,10/12/17,10,D
E15,10/12/17,90,D
E2,10/12/17,16,D
E4,10/12/17,2,D
E6,10/12/17,17,D
E7,10/12/17,6,D
E8,10/12/17,2,D
FB1,10/12/17,28,D
FLC1,10/12/17,200.23,D
FLC2,10/12/17,62,D
H3,10/12/17,11,D
HR03,10/12/17,2300,D
HR1,10/12/17,2400,D
HR2,10/12/17,3800,D
LN1,10/12/17,NS,NS
N1,10/12/17,1,D
N3B,10/12/17,1,D
N4,10/12/17,14,D
N5,10/12/17,1,D
NR1,10/12/17,10,D
WC1,10/12/17,164,D
WC2,10/12/17,970,D
WC3,10/12/17,36,D
BB2,10/11/17,10,D
BB4,10/11/17,12,D
CIC2,10/11/17,60,D
GC3,10/11/17,12,D
GC4,10/11/17,8,D
GC5,10/11/17,24,D
GC6,10/11/17,36,D
GHC,10/11/17,1,D
HOB,10/11/17,3,D
J1,10/11/17,3,D
J10,10/11/17,2,D
J11,10/11/17,2,D
J12,10/11/17,10,D
J2,10/11/17,1,D
J3,10/11/17,1,D
J5,10/11/17,1,D
J7,10/11/17,2,D
J8,10/11/17,1,D
J9A,10/11/17,1,D
JA1,10/11/17,4,D
N16,10/11/17,1,D
N9,10/11/17,2,D
N9A,10/11/17,1,D
PB2,10/11/17,13,D
PB3,10/11/17,1,D
SP1,10/11/17,14,D
SP2,10/11/17,2,D
TB1,10/11/17,3,D
TB2,10/11/17,2,D
CIC3,10/10/17,46,W
F1,10/10/17,40,W
F5,10/10/17,4,W
G2,10/10/17,70,W
GB1,10/10/17,6,W
HC1,10/10/17,40,W
HC2,10/10/17,10,W
HC3,10/10/17,10,W
J14,10/10/17,4,W
J16,10/10/17,4,W
J18,10/10/17,4,W
K1,10/10/17,12,W
K2,10/10/17,24,W
K3,10/10/17,34,W
K4,10/10/17,32,W
K5,10/10/17,4,W
K5A,10/10/17,2,W
K6,10/10/17,8,W
N6,10/10/17,14,W
N7,10/10/17,24,W
N8,10/10/17,24,W
NC0,10/10/17,11400,W
NC1,10/10/17,4900,W
NC2,10/10/17,1900,W
NC3,10/10/17,535,W
AC1,10/5/17,28,D
AC2,10/5/17,140,D
BR1,10/5/17,300,D
BR3,10/5/17,28,D
F1,10/5/17,12,D
F5,10/5/17,10,D
HC1,10/5/17,22,D
HC2,10/5/17,4,D
HC3,10/5/17,4,D
J14,10/5/17,4,D
J16,10/5/17,2,D
J18,10/5/17,4,D
BB2,10/4/17,17,D
BB4,10/4/17,1,D
GHC,10/4/17,1,D
HOB,10/4/17,2,D
J1,10/4/17,1,D
J10,10/4/17,1,D
J11,10/4/17,4,D
J12,10/4/17,1,D
J2,10/4/17,1,D
J3,10/4/17,1,D
J5,10/4/17,1,D
J7,10/4/17,1,D
J8,10/4/17,1,D
J9A,10/4/17,1,D
JA1,10/4/17,1,D
N16,10/4/17,1,D
N9,10/4/17,1,D
N9A,10/4/17,1,D
PB2,10/4/17,2,D
PB3,10/4/17,1,D
SP2,10/4/17,1,D
TB1,10/4/17,12,D
TB2,10/4/17,3,D
CIC3,10/3/17,8,D
E12,10/3/17,4,D
E13,10/3/17,1,D
G2,10/3/17,12,D
GB1,10/3/17,1,D
HR03,10/3/17,24,D
HR1,10/3/17,4,D
HR2,10/3/17,24,D
K1,10/3/17,1,D
K2,10/3/17,2,D
K3,10/3/17,6,D
K4,10/3/17,8,D
K5,10/3/17,1,D
K5A,10/3/17,1,D
K6,10/3/17,1,D
N6,10/3/17,10,D
N7,10/3/17,1,D
N8,10/3/17,1,D
NC0,10/3/17,20,D
NC1,10/3/17,16,D
NC2,10/3/17,4,D
NC3,10/3/17,10,D
WC1,10/3/17,6,D
WC2,10/3/17,8,D
WC3,10/3/17,1,D
BR5,10/2/17,3,D
CIC2,10/2/17,4000,D
E10,10/2/17,1,D
E11,10/2/17,1,D
E14,10/2/17,1,D
E15,10/2/17,1,D
E2,10/2/17,4,D
E4,10/2/17,1,D
E6,10/2/17,3,D
E7,10/2/17,1,D
E8,10/2/17,1,D
FB1,10/2/17,2,D
FLC1,10/2/17,20,D
FLC2,10/2/17,11,D
GC3,10/2/17,4,D
GC4,10/2/17,12,D
GC5,10/2/17,12,D
GC6,10/2/17,8,D
H3,10/2/17,3,D
LN1,10/2/17,10,D
N1,10/2/17,1,D
N3B,10/2/17,1,D
N4,10/2/17,12,D
N5,10/2/17,1,D
NR1,10/2/17,1,D
SP1,10/2/17,48,D
BR5,9/28/17,7,D
E10,9/28/17,1,D
E11,9/28/17,1,D
E12,9/28/17,4,D
E13,9/28/17,17,D
E14,9/28/17,1,D
E15,9/28/17,6,D
E2,9/28/17,9,D
E4,9/28/17,9,D
E6,9/28/17,1,D
E7,9/28/17,1,D
E8,9/28/17,1,D
FB1,9/28/17,4,D
FLC1,9/28/17,22,D
FLC2,9/28/17,10,D
H3,9/28/17,2,D
HR03,9/28/17,4,D
HR1,9/28/17,28,D
HR2,9/28/17,48,D
LN1,9/28/17,1,D
N1,9/28/17,1,D
N3B,9/28/17,1,D
N4,9/28/17,4,D
N5,9/28/17,1,D
NR1,9/28/17,2,D
WC1,9/28/17,9,D
WC2,9/28/17,22,D
WC3,9/28/17,3,D
CIC2,9/27/17,30,D
CIC3,9/27/17,4,D
G2,9/27/17,1,D
GB1,9/27/17,2,D
GC3,9/27/17,4,D
GC4,9/27/17,4,D
GC5,9/27/17,4,D
GC6,9/27/17,4,D
K1,9/27/17,4,D
K2,9/27/17,1,D
K3,9/27/17,2,D
K4,9/27/17,3,D
K5,9/27/17,1,D
K5A,9/27/17,1,D
K6,9/27/17,1,D
N6,9/27/17,1,D
N7,9/27/17,3,D
N8,9/27/17,1,D
NC0,9/27/17,48,D
NC1,9/27/17,48,D
NC2,9/27/17,20,D
NC3,9/27/17,8,D
SP1,9/27/17,112,D
BB2,9/26/17,1,D
BB4,9/26/17,2,D
GHC,9/26/17,2,D
HOB,9/26/17,NS,NS
J1,9/26/17,1,D
J10,9/26/17,1,D
J11,9/26/17,2,D
J12,9/26/17,1,D
J2,9/26/17,1,D
J3,9/26/17,1,D
J5,9/26/17,1,D
J7,9/26/17,1,D
J8,9/26/17,1,D
J9A,9/26/17,2,D
JA1,9/26/17,1,D
N16,9/26/17,NS,NS
N9,9/26/17,1,D
N9A,9/26/17,1,D
PB2,9/26/17,1,D
PB3,9/26/17,1,D
SP2,9/26/17,1,D
TB1,9/26/17,NS,NS
TB2,9/26/17,NS,NS
AC1,9/25/17,1200,D
AC2,9/25/17,1800,D
BR1,9/25/17,188,D
BR3,9/25/17,28,D
F1,9/25/17,2,D
F5,9/25/17,2,D
HC1,9/25/17,6,D
HC2,9/25/17,8,D
HC3,9/25/17,4,D
J14,9/25/17,2,D
J16,9/25/17,2,D
J18,9/25/17,2,D
BB2,9/21/17,10,D
BB4,9/21/17,5,D
GHC,9/21/17,2,D
HOB,9/21/17,7,D
J1,9/21/17,1,D
J10,9/21/17,2,D
J11,9/21/17,5,D
J12,9/21/17,1,D
J2,9/21/17,1,D
J3,9/21/17,2,D
J5,9/21/17,2,D
J7,9/21/17,1,D
J8,9/21/17,2,D
J9A,9/21/17,1,D
JA1,9/21/17,1,D
N16,9/21/17,3,D
N9,9/21/17,1,D
N9A,9/21/17,1,D
PB2,9/21/17,2,D
PB3,9/21/17,2,D
SP2,9/21/17,1,D
TB1,9/21/17,29,D
TB2,9/21/17,4,D
CIC3,9/19/17,35,D
E12,9/19/17,4,D
E13,9/19/17,3,D
G2,9/19/17,2,D
GB1,9/19/17,1,D
HR03,9/19/17,4,D
HR1,9/19/17,4,D
HR2,9/19/17,20,D
K1,9/19/17,3,D
K2,9/19/17,1,D
K3,9/19/17,16,D
K4,9/19/17,36,D
K5,9/19/17,5,D
K5A,9/19/17,2,D
K6,9/19/17,NS,NS
N6,9/19/17,1,D
N7,9/19/17,1,D
N8,9/19/17,1,D
NC0,9/19/17,460,D
NC1,9/19/17,1060,D
NC2,9/19/17,112,D
NC3,9/19/17,32,D
WC1,9/19/17,24,D
WC2,9/19/17,49,D
WC3,9/19/17,1,D
BR5,9/18/17,6,D
CIC2,9/18/17,3100,D
E10,9/18/17,1,D
E11,9/18/17,4,D
E14,9/18/17,1,D
E15,9/18/17,4,D
E2,9/18/17,2,D
E4,9/18/17,1,D
E6,9/18/17,3,D
E7,9/18/17,1,D
E8,9/18/17,1,D
FB1,9/18/17,2,D
FLC1,9/18/17,12,D
FLC2,9/18/17,15,D
GC3,9/18/17,20,D
GC4,9/18/17,32,D
GC5,9/18/17,8,D
GC6,9/18/17,8,D
H3,9/18/17,6,D
LN1,9/18/17,7,D
N1,9/18/17,4,D
N3B,9/18/17,4,D
N4,9/18/17,15,D
N5,9/18/17,12,D
NR1,9/18/17,9,D
SP1,9/18/17,14,D
AC1,9/14/17,3100,D
AC2,9/14/17,1300,D
BR1,9/14/17,300,D
BR3,9/14/17,52,D
E12,9/14/17,4,D
E13,9/14/17,5,D
HR03,9/14/17,40,D
HR1,9/14/17,4,D
HR2,9/14/17,88,D
WC1,9/14/17,25,D
WC2,9/14/17,150,D
WC3,9/14/17,8,D
BB2,9/13/17,1,D
BB4,9/13/17,1,D
GHC,9/13/17,2,D
HOB,9/13/17,1,D
J1,9/13/17,1,D
J10,9/13/17,2,D
J11,9/13/17,1,D
J12,9/13/17,1,D
J2,9/13/17,1,D
J3,9/13/17,2,D
J5,9/13/17,1,D
J7,9/13/17,1,D
J8,9/13/17,1,D
J9A,9/13/17,1,D
JA1,9/13/17,1,D
N16,9/13/17,1,D
N9,9/13/17,80,D
N9A,9/13/17,1,D
PB2,9/13/17,2,D
PB3,9/13/17,1,D
SP2,9/13/17,1,D
TB1,9/13/17,1,D
TB2,9/13/17,1,D
CIC3,9/12/17,2,D
F1,9/12/17,2,D
F5,9/12/17,2,D
G2,9/12/17,2,D
GB1,9/12/17,1,D
HC1,9/12/17,4,D
HC2,9/12/17,2,D
HC3,9/12/17,2,D
J14,9/12/17,2,D
J16,9/12/17,2,D
J18,9/12/17,2,D
K1,9/12/17,1,D
K2,9/12/17,1,D
K3,9/12/17,2,D
K4,9/12/17,1,D
K5,9/12/17,1,D
K5A,9/12/17,1,D
K6,9/12/17,1,D
N6,9/12/17,3,D
N7,9/12/17,2,D
N8,9/12/17,1,D
NC0,9/12/17,52,D
NC1,9/12/17,16,D
NC2,9/12/17,4,D
NC3,9/12/17,16,D
BR5,9/11/17,4,D
CIC2,9/11/17,4,D
E10,9/11/17,1,D
E11,9/11/17,10,D
E14,9/11/17,1,D
E15,9/11/17,3,D
E2,9/11/17,4,D
E4,9/11/17,5,D
E6,9/11/17,3,D
E7,9/11/17,2,D
E8,9/11/17,1,D
FB1,9/11/17,8,D
FLC1,9/11/17,110,D
FLC2,9/11/17,11,D
GC3,9/11/17,28,D
GC4,9/11/17,16,D
GC5,9/11/17,8,D
GC6,9/11/17,12,D
H3,9/11/17,7,D
LN1,9/11/17,1,D
N1,9/11/17,3,D
N3B,9/11/17,2,D
N4,9/11/17,9,D
N5,9/11/17,10,D
NR1,9/11/17,5,D
SP1,9/11/17,6,D
AC1,9/7/17,80,W
AC2,9/7/17,1400,W
BR1,9/7/17,2600,W
BR3,9/7/17,390,W
F1,9/7/17,350,W
F5,9/7/17,410,W
HC1,9/7/17,30,W
HC2,9/7/17,10,W
HC3,9/7/17,10,W
J14,9/7/17,4,W
J16,9/7/17,4,W
J18,9/7/17,4,W
BB2,9/6/17,NS,W
BB4,9/6/17,NS,W
CIC2,9/6/17,320,W
GC3,9/6/17,50,W
GC4,9/6/17,50,W
GC5,9/6/17,40,W
GC6,9/6/17,20,W
GHC,9/6/17,NS,W
HOB,9/6/17,NS,W
J1,9/6/17,NS,W
J10,9/6/17,NS,W
J11,9/6/17,NS,W
J12,9/6/17,NS,W
J2,9/6/17,NS,W
J3,9/6/17,NS,W
J5,9/6/17,NS,W
J7,9/6/17,NS,W
J8,9/6/17,NS,W
J9A,9/6/17,NS,W
JA1,9/6/17,NS,W
N16,9/6/17,NS,NS
N9,9/6/17,NS,W
N9A,9/6/17,NS,W
PB2,9/6/17,NS,W
PB3,9/6/17,NS,W
SP1,9/6/17,10,W
SP2,9/6/17,NS,W
TB1,9/6/17,NS,W
TB2,9/6/17,NS,W
BR5,9/5/17,10,W
E10,9/5/17,2,W
E11,9/5/17,2,W
E12,9/5/17,10,W
E13,9/5/17,2,W
E14,9/5/17,2,W
E15,9/5/17,10,W
E2,9/5/17,10,W
E4,9/5/17,2,W
E6,9/5/17,2,W
E7,9/5/17,2,W
E8,9/5/17,26,W
FB1,9/5/17,16,W
FLC1,9/5/17,30,W
FLC2,9/5/17,20,W
H3,9/5/17,4,W
HR03,9/5/17,30,W
HR1,9/5/17,10,W
HR2,9/5/17,30,W
LN1,9/5/17,2,W
N1,9/5/17,NS,NS
N3B,9/5/17,NS,NS
N4,9/5/17,NS,NS
N5,9/5/17,NS,NS
NR1,9/5/17,NS,NS
WC1,9/5/17,8,W
WC2,9/5/17,20,W
WC3,9/5/17,4,W
AC1,8/31/17,3400,D
AC2,8/31/17,1000,D
BR1,8/31/17,212,D
BR3,8/31/17,36,D
E12,8/31/17,4,D
E13,8/31/17,1,D
HR03,8/31/17,16,D
HR1,8/31/17,52,D
HR2,8/31/17,40,D
WC1,8/31/17,18,D
WC2,8/31/17,15,D
WC3,8/31/17,23,D
CIC3,8/29/17,23,D
F1,8/29/17,10,D
F5,8/29/17,2,D
G2,8/29/17,11,D
GB1,8/29/17,1,D
HC1,8/29/17,4,D
HC2,8/29/17,4,D
HC3,8/29/17,2,D
J14,8/29/17,2,D
J16,8/29/17,NS,NS
J18,8/29/17,2,D
K1,8/29/17,1,D
K2,8/29/17,2,D
K3,8/29/17,3,D
K4,8/29/17,25,D
K5,8/29/17,7,D
K5A,8/29/17,1,D
K6,8/29/17,NS,NS
N6,8/29/17,1,D
N7,8/29/17,4,D
N8,8/29/17,2,D
NC0,8/29/17,4,D
NC1,8/29/17,260,D
NC2,8/29/17,24,D
NC3,8/29/17,80,D
BR5,8/28/17,1,D
CIC2,8/28/17,28,D
E10,8/28/17,12,D
E11,8/28/17,1,D
E14,8/28/17,1,D
E15,8/28/17,2,D
E2,8/28/17,5,D
E4,8/28/17,2,D
E6,8/28/17,3,D
E7,8/28/17,4,D
E8,8/28/17,1,D
FB1,8/28/17,22,D
FLC1,8/28/17,15,D
FLC2,8/28/17,2,D
GC3,8/28/17,36,D
GC4,8/28/17,24,D
GC5,8/28/17,20,D
GC6,8/28/17,32,D
H3,8/28/17,7,D
LN1,8/28/17,1,D
N1,8/28/17,4,D
N3B,8/28/17,4,D
N4,8/28/17,3,D
N5,8/28/17,7,D
NR1,8/28/17,2,D
SP1,8/28/17,4,D
AC1,8/24/17,300,D
AC2,8/24/17,3800,D
BR1,8/24/17,700,D
BR3,8/24/17,120,D
F1,8/24/17,2,D
F5,8/24/17,4,D
HC1,8/24/17,24,D
HC2,8/24/17,28,D
HC3,8/24/17,2,D
J14,8/24/17,2,D
J16,8/24/17,NS,NS
J18,8/24/17,2,D
BB2,8/23/17,19000,W
BB4,8/23/17,116,W
GHC,8/23/17,2,W
HOB,8/23/17,4,W
J1,8/23/17,4,W
J10,8/23/17,4,W
J11,8/23/17,101,W
J12,8/23/17,26,W
J2,8/23/17,2,W
J3,8/23/17,2,W
J5,8/23/17,2,W
J7,8/23/17,2,W
J8,8/23/17,2,W
J9A,8/23/17,2,W
JA1,8/23/17,2,W
N16,8/23/17,2,W
N9,8/23/17,2,W
N9A,8/23/17,2,W
PB2,8/23/17,18,W
PB3,8/23/17,20,W
SP2,8/23/17,2,W
TB1,8/23/17,180,W
TB2,8/23/17,76,W
CIC3,8/22/17,18,D
E12,8/22/17,4,D
E13,8/22/17,5,D
G2,8/22/17,27,D
GB1,8/22/17,2,D
HR03,8/22/17,28,D
HR1,8/22/17,8,D
HR2,8/22/17,160,D
K1,8/22/17,1,D
K2,8/22/17,2,D
K3,8/22/17,13,D
K4,8/22/17,1,D
K5,8/22/17,1,D
K5A,8/22/17,2,D
K6,8/22/17,1,D
N6,8/22/17,3,D
N7,8/22/17,1,D
N8,8/22/17,1,D
NC0,8/22/17,32,D
NC1,8/22/17,120,D
NC2,8/22/17,8,D
NC3,8/22/17,10,D
WC1,8/22/17,25,D
WC2,8/22/17,420,D
WC3,8/22/17,2,D
BR5,8/21/17,20,D
CIC2,8/21/17,168,D
E10,8/21/17,1,D
E11,8/21/17,8,D
E14,8/21/17,4,D
E15,8/21/17,8,D
E2,8/21/17,11,D
E4,8/21/17,4,D
E6,8/21/17,6,D
E7,8/21/17,2,D
E8,8/21/17,6,D
FB1,8/21/17,2,D
FLC1,8/21/17,140,D
FLC2,8/21/17,26,D
GC3,8/21/17,230,D
GC4,8/21/17,234,D
GC5,8/21/17,197,D
GC6,8/21/17,450,D
H3,8/21/17,14,D
LN1,8/21/17,13,D
N1,8/21/17,9,D
N3B,8/21/17,10,D
N4,8/21/17,6,D
N5,8/21/17,8,D
NR1,8/21/17,5,D
SP1,8/21/17,52,D
AC1,8/17/17,3200,D
AC2,8/17/17,900,D
BR1,8/17/17,500,D
BR3,8/17/17,24,D
E12,8/17/17,NS,D
E13,8/17/17,1,D
HR03,8/17/17,8,D
HR1,8/17/17,4,D
HR2,8/17/17,12,D
WC1,8/17/17,58,D
WC2,8/17/17,14,D
WC3,8/17/17,1,D
CIC3,8/15/17,50,W
F1,8/15/17,12,W
F5,8/15/17,4,W
G2,8/15/17,288,W
GB1,8/15/17,10,W
HC1,8/15/17,50,W
HC2,8/15/17,10,W
HC3,8/15/17,10,W
J14,8/15/17,4,W
J16,8/15/17,NS,NS
J18,8/15/17,4,W
K1,8/15/17,106,W
K2,8/15/17,28,W
K3,8/15/17,440,W
K4,8/15/17,16,W
K5,8/15/17,8,W
K5A,8/15/17,2,W
K6,8/15/17,2,W
N6,8/15/17,68,W
N7,8/15/17,4,W
N8,8/15/17,6,W
NC0,8/15/17,900,W
NC1,8/15/17,2900,W
NC2,8/15/17,1500,W
NC3,8/15/17,1100,W
BR5,8/14/17,NS,NS
CIC2,8/14/17,32,D
E10,8/14/17,NS,NS
E11,8/14/17,NS,NS
E14,8/14/17,NS,NS
E15,8/14/17,1,D
E2,8/14/17,3,D
E4,8/14/17,NS,NS
E6,8/14/17,4,D
E7,8/14/17,NS,NS
E8,8/14/17,NS,NS
FB1,8/14/17,6,D
FLC1,8/14/17,320,D
FLC2,8/14/17,2,D
GC3,8/14/17,4,D
GC4,8/14/17,12,D
GC5,8/14/17,64,D
GC6,8/14/17,56,D
H3,8/14/17,6,D
LN1,8/14/17,NS,NS
N1,8/14/17,2,D
N3B,8/14/17,2,D
N4,8/14/17,8,D
N5,8/14/17,6,D
NR1,8/14/17,5,D
SP1,8/14/17,8,D
AC1,8/10/17,60,D
AC2,8/10/17,200,D
BR1,8/10/17,176,D
BR3,8/10/17,108,D
F1,8/10/17,8,D
F5,8/10/17,2,D
HC1,8/10/17,24,D
HC2,8/10/17,2,D
HC3,8/10/17,2,D
J14,8/10/17,2,D
J16,8/10/17,2,D
J18,8/10/17,2,D
BB2,8/9/17,64,D
BB4,8/9/17,2,D
GHC,8/9/17,2,D
HOB,8/9/17,2,D
J1,8/9/17,1,D
J10,8/9/17,1,D
J11,8/9/17,1,D
J12,8/9/17,1,D
J2,8/9/17,1,D
J3,8/9/17,1,D
J5,8/9/17,1,D
J7,8/9/17,1,D
J8,8/9/17,4,D
J9A,8/9/17,1,D
JA1,8/9/17,4,D
N16,8/9/17,1,D
N9,8/9/17,1,D
N9A,8/9/17,1,D
PB2,8/9/17,2,D
PB3,8/9/17,4,D
SP2,8/9/17,1,D
TB1,8/9/17,15,D
TB2,8/9/17,10,D
CIC3,8/8/17,184,W
E12,8/8/17,60,W
E13,8/8/17,24,W
G2,8/8/17,212,W
GB1,8/8/17,36,W
HR03,8/8/17,1300,W
HR1,8/8/17,390,W
HR2,8/8/17,2500,W
K1,8/8/17,22,W
K2,8/8/17,32,W
K3,8/8/17,232,W
K4,8/8/17,70,W
K5,8/8/17,14,W
K5A,8/8/17,14,W
K6,8/8/17,2,W
N6,8/8/17,16,W
N7,8/8/17,4,W
N8,8/8/17,2,W
NC0,8/8/17,6200,W
NC1,8/8/17,440,W
NC2,8/8/17,425,W
NC3,8/8/17,190,W
WC1,8/8/17,380,W
WC2,8/8/17,250,W
WC3,8/8/17,24,W
BR5,8/7/17,100,W
CIC2,8/7/17,410,D
E10,8/7/17,2,W
E11,8/7/17,2,W
E14,8/7/17,4,W
E15,8/7/17,340,W
E2,8/7/17,2,W
E4,8/7/17,4,W
E6,8/7/17,2,W
E7,8/7/17,2,W
E8,8/7/17,2,W
FB1,8/7/17,75,W
FLC1,8/7/17,1700,W
FLC2,8/7/17,170,W
GC3,8/7/17,226,D
GC4,8/7/17,238,D
GC5,8/7/17,410,D
GC6,8/7/17,430,D
H3,8/7/17,8,W
LN1,8/7/17,4,W
N1,8/7/17,4,W
N3B,8/7/17,2,W
N4,8/7/17,2,W
N5,8/7/17,2,W
NR1,8/7/17,2,W
SP1,8/7/17,112,D
AC1,8/3/17,144,D
AC2,8/3/17,220,D
BR1,8/3/17,1500,D
BR3,8/3/17,2800,D
E12,8/3/17,24,D
E13,8/3/17,102,D
HR03,8/3/17,4000,D
HR1,8/3/17,3500,D
HR2,8/3/17,5000,D
WC1,8/3/17,600,D
WC2,8/3/17,600,D
WC3,8/3/17,630,D
BB2,8/2/17,1,D
BB4,8/2/17,43,D
GHC,8/2/17,1,D
HOB,8/2/17,10,D
J1,8/2/17,1,D
J10,8/2/17,1,D
J11,8/2/17,2,D
J12,8/2/17,1,D
J2,8/2/17,1,D
J3,8/2/17,1,D
J5,8/2/17,1,D
J7,8/2/17,1,D
J8,8/2/17,1,D
J9A,8/2/17,1,D
JA1,8/2/17,1,D
N16,8/2/17,1,D
N9,8/2/17,1,D
N9A,8/2/17,1,D
PB2,8/2/17,6,D
PB3,8/2/17,1,D
SP2,8/2/17,1,D
TB1,8/2/17,7,D
TB2,8/2/17,4,D
CIC3,8/1/17,1,D
F1,8/1/17,4,D
F5,8/1/17,2,D
G2,8/1/17,2,D
GB1,8/1/17,1,D
HC1,8/1/17,2,D
HC2,8/1/17,2,D
HC3,8/1/17,2,D
J14,8/1/17,2,D
J15,8/1/17,NS,NS
J16,8/1/17,2,D
K1,8/1/17,56,D
K2,8/1/17,2,D
K3,8/1/17,2,D
K4,8/1/17,1,D
K5,8/1/17,3,D
K5A,8/1/17,8,D
K6,8/1/17,3,D
N6,8/1/17,6,D
N7,8/1/17,6,D
N8,8/1/17,1,D
NC0,8/1/17,300,D
NC1,8/1/17,44,D
NC2,8/1/17,44,D
NC3,8/1/17,20,D
BR5,7/31/17,10,D
CIC2,7/31/17,4,D
E10,7/31/17,1,D
E11,7/31/17,1,D
E14,7/31/17,1,D
E15,7/31/17,1,D
E2,7/31/17,5,D
E4,7/31/17,2,D
E6,7/31/17,3,D
E7,7/31/17,1,D
E8,7/31/17,1,D
FB1,7/31/17,17,D
FLC1,7/31/17,11,D
FLC2,7/31/17,44,D
GC3,7/31/17,28,D
GC4,7/31/17,136,D
GC5,7/31/17,28,D
GC6,7/31/17,24,D
H3,7/31/17,15,D
LN1,7/31/17,4,D
N1,7/31/17,1,D
N3B,7/31/17,2,D
N4,7/31/17,4,D
N5,7/31/17,1,D
NR1,7/31/17,18,D
SP1,7/31/17,20,D
AC1,7/27/17,800,D
AC2,7/27/17,2500,D
BR1,7/27/17,500,D
BR3,7/27/17,116,D
E12,7/27/17,4,D
E13,7/27/17,2,D
HR03,7/27/17,20,D
HR1,7/27/17,4,D
HR2,7/27/17,128,D
WC1,7/27/17,10,D
WC2,7/27/17,92,D
WC3,7/27/17,1,D
BB2,7/26/17,40,W
BB4,7/26/17,8,W
GHC,7/26/17,4,W
HOB,7/26/17,2,W
J1,7/26/17,2,W
J10,7/26/17,2,W
J11,7/26/17,2,W
J12,7/26/17,2,W
J2,7/26/17,2,W
J3,7/26/17,2,W
J5,7/26/17,2,W
J7,7/26/17,2,W
J8,7/26/17,2,W
J9A,7/26/17,2,W
JA1,7/26/17,2,W
N16,7/26/17,2,W
N9,7/26/17,2,W
N9A,7/26/17,2,W
PB2,7/26/17,4,W
PB3,7/26/17,2,W
SP2,7/26/17,2,W
TB1,7/26/17,26,W
TB2,7/26/17,36,W
F1,7/25/17,580,W
F5,7/25/17,640,W
HC1,7/25/17,630,W
HC2,7/25/17,630,W
HC3,7/25/17,10,W
J14,7/25/17,4,W
J15,7/25/17,4,W
J16,7/25/17,10,W
BR5,7/24/17,1200,W
CIC2,7/24/17,60000,W
E10,7/24/17,12,W
E11,7/24/17,18,W
E14,7/24/17,106,W
E15,7/24/17,11100,W
E2,7/24/17,62,W
E4,7/24/17,350,W
E6,7/24/17,96,W
E7,7/24/17,46,W
E8,7/24/17,42,W
FB1,7/24/17,310,W
FLC1,7/24/17,6000,W
FLC2,7/24/17,920,W
GC3,7/24/17,390,W
GC4,7/24/17,1900,W
GC5,7/24/17,2600,W
GC6,7/24/17,80000,W
H3,7/24/17,670,W
LN1,7/24/17,16,W
N1,7/24/17,205,W
N3B,7/24/17,510,W
N4,7/24/17,62,W
N5,7/24/17,160,W
NR1,7/24/17,600,W
SP1,7/24/17,470,W
AC1,7/20/17,152,D
AC2,7/20/17,300,D
BR1,7/20/17,180,D
BR3,7/20/17,96,D
E12,7/20/17,4,D
E13,7/20/17,2,D
HR03,7/20/17,NS,NS
HR1,7/20/17,NS,NS
HR2,7/20/17,NS,NS
WC1,7/20/17,16,D
WC2,7/20/17,44,D
WC3,7/20/17,2,D
BB2,7/19/17,1,D
BB4,7/19/17,1,D
CIC2,7/19/17,108,D
GC3,7/19/17,28,D
GC4,7/19/17,28,D
GC5,7/19/17,8,D
GC6,7/19/17,28,D
GHC,7/19/17,1,D
HOB,7/19/17,4,D
J1,7/19/17,1,D
J10,7/19/17,1,D
J11,7/19/17,1,D
J12,7/19/17,1,D
J2,7/19/17,1,D
J3,7/19/17,1,D
J5,7/19/17,1,D
J7,7/19/17,2,D
J8,7/19/17,1,D
J9A,7/19/17,2,D
JA1,7/19/17,1,D
N16,7/19/17,1,D
N9,7/19/17,1,D
N9A,7/19/17,1,D
PB2,7/19/17,1,D
PB3,7/19/17,1,D
SP1,7/19/17,2,D
SP2,7/19/17,1,D
TB1,7/19/17,5,D
TB2,7/19/17,5,D
CIC3,7/18/17,10,D
F1,7/18/17,4,D
F5,7/18/17,38,D
G2,7/18/17,29,D
GB1,7/18/17,1,D
HC1,7/18/17,4,D
HC2,7/18/17,2,D
HC3,7/18/17,380,D
J14,7/18/17,2,D
J15,7/18/17,2,D
J16,7/18/17,4,D
K1,7/18/17,1,D
K2,7/18/17,1,D
K3,7/18/17,1,D
K4,7/18/17,47,D
K5,7/18/17,1,D
K5A,7/18/17,1,D
K6,7/18/17,1,D
N6,7/18/17,3,D
N7,7/18/17,1,D
N8,7/18/17,1,D
NC0,7/18/17,16,D
NC1,7/18/17,20,D
NC2,7/18/17,12,D
NC3,7/18/17,4,D
BR5,7/17/17,5,D
E10,7/17/17,1,D
E11,7/17/17,1,D
E14,7/17/17,2,D
E15,7/17/17,1,D
E2,7/17/17,3,D
E4,7/17/17,9,D
E6,7/17/17,11,D
E7,7/17/17,1,D
E8,7/17/17,1,D
FB1,7/17/17,116,D
FLC1,7/17/17,25,D
FLC2,7/17/17,3,D
H3,7/17/17,21,D
LN1,7/17/17,1,D
N1,7/17/17,2,D
N3B,7/17/17,4,D
N4,7/17/17,2,D
N5,7/17/17,2,D
NR1,7/17/17,3,D
AC1,7/13/17,700,D
AC2,7/13/17,400,D
BR1,7/13/17,232,D
BR3,7/13/17,132,D
F1,7/13/17,2,D
F5,7/13/17,2,D
HC1,7/13/17,240,D
HC2,7/13/17,28,D
HC3,7/13/17,2,D
J14,7/13/17,2,D
J15,7/13/17,NS,D
J16,7/13/17,4,D
BB2,7/12/17,28,D
BB4,7/12/17,2,D
CIC2,7/12/17,16,D
GC3,7/12/17,40,D
GC4,7/12/17,60,D
GC5,7/12/17,24,D
GC6,7/12/17,140,D
GHC,7/12/17,1,D
HOB,7/12/17,1,D
J1,7/12/17,1,D
J10,7/12/17,1,D
J11,7/12/17,3,D
J12,7/12/17,1,D
J2,7/12/17,1,D
J3,7/12/17,1,D
J5,7/12/17,1,D
J7,7/12/17,1,D
J8,7/12/17,1,D
J9A,7/12/17,1,D
JA1,7/12/17,1,D
N16,7/12/17,1,D
N9,7/12/17,1,D
N9A,7/12/17,1,D
PB2,7/12/17,2,D
PB3,7/12/17,1,D
SP1,7/12/17,12,D
SP2,7/12/17,1,D
TB1,7/12/17,13,D
TB2,7/12/17,12,D
CIC3,7/11/17,3,D
E12,7/11/17,4,D
E13,7/11/17,4,D
G2,7/11/17,21,D
GB1,7/11/17,10,D
HR03,7/11/17,16,D
HR1,7/11/17,10,D
HR2,7/11/17,88,D
K1,7/11/17,3,D
K2,7/11/17,1,D
K3,7/11/17,1,D
K4,7/11/17,2,D
K5,7/11/17,2,D
K5A,7/11/17,1,D
K6,7/11/17,1,D
N6,7/11/17,1,D
N7,7/11/17,1,D
N8,7/11/17,1,D
NC0,7/11/17,24,D
NC1,7/11/17,116,D
NC2,7/11/17,20,D
NC3,7/11/17,4,D
WC1,7/11/17,64,D
WC2,7/11/17,210,D
WC3,7/11/17,1,D
BR5,7/10/17,14,D
E10,7/10/17,1,D
E11,7/10/17,1,D
E14,7/10/17,6,D
E15,7/10/17,9,D
E2,7/10/17,10,D
E4,7/10/17,3,D
E6,7/10/17,1,D
E7,7/10/17,1,D
E8,7/10/17,2,D
FB1,7/10/17,1,D
FLC1,7/10/17,600,D
FLC2,7/10/17,13,D
H3,7/10/17,32,D
LN1,7/10/17,1,D
N1,7/10/17,1,D
N3B,7/10/17,2,D
N4,7/10/17,10,D
N5,7/10/17,3,D
NR1,7/10/17,4,D
AC1,7/6/17,40,D
AC2,7/6/17,152,D
BR1,7/6/17,252,D
BR3,7/6/17,60,D
F1,7/6/17,44,D
F5,7/6/17,32,D
HC1,7/6/17,30,D
HC2,7/6/17,10,D
HC3,7/6/17,2,D
J14,7/6/17,2,D
J15,7/6/17,8,D
J16,7/6/17,2,D
CIC2,7/5/17,176,D
GC3,7/5/17,32,D
GC4,7/5/17,68,D
GC5,7/5/17,48,D
GC6,7/5/17,16,D
SP1,7/5/17,208,D
AC1,6/29/17,800,D
AC2,6/29/17,600,D
BR1,6/29/17,300,D
BR3,6/29/17,132,D
E12,6/29/17,8,D
E13,6/29/17,3,D
HR03,6/29/17,36,D
HR1,6/29/17,36,D
HR2,6/29/17,NS,NS
WC1,6/29/17,NS,NS
WC2,6/29/17,NS,NS
WC3,6/29/17,NS,NS
BB2,6/28/17,2,D
BB4,6/28/17,1,D
CIC2,6/28/17,24,D
GC3,6/28/17,172,D
GC4,6/28/17,140,D
GC5,6/28/17,96,D
GC6,6/28/17,188,D
GHC,6/28/17,1,D
HOB,6/28/17,1,D
J1,6/28/17,1,D
J10,6/28/17,1,D
J11,6/28/17,5,D
J12,6/28/17,1,D
J2,6/28/17,1,D
J3,6/28/17,1,D
J5,6/28/17,1,D
J7,6/28/17,1,D
J8,6/28/17,1,D
J9A,6/28/17,10,D
JA1,6/28/17,1,D
N16,6/28/17,1,D
N9,6/28/17,1,D
N9A,6/28/17,1,D
PB2,6/28/17,2,D
PB3,6/28/17,1,D
SP1,6/28/17,12,D
SP2,6/28/17,7,D
TB1,6/28/17,1,D
TB2,6/28/17,1,D
CIC3,6/27/17,2,W
F1,6/27/17,1000,W
F5,6/27/17,460,W
G2,6/27/17,32,W
GB1,6/27/17,2,W
HC1,6/27/17,80,W
HC2,6/27/17,10,W
HC3,6/27/17,10,W
J14,6/27/17,700,W
J15,6/27/17,260,W
J16,6/27/17,60,W
K1,6/27/17,4,W
K2,6/27/17,4,W
K3,6/27/17,10,W
K4,6/27/17,4,W
K5,6/27/17,2,W
K5A,6/27/17,2,W
K6,6/27/17,2,W
N6,6/27/17,2,W
N7,6/27/17,2,W
N8,6/27/17,2,W
NC0,6/27/17,200,W
NC1,6/27/17,365,W
NC2,6/27/17,60,W
NC3,6/27/17,20,W
BR5,6/26/17,7,D
E10,6/26/17,2,D
E11,6/26/17,1,D
E14,6/26/17,4,D
E15,6/26/17,44,D
E2,6/26/17,5,D
E4,6/26/17,7,D
E6,6/26/17,13,D
E7,6/26/17,2,D
E8,6/26/17,4,D
FB1,6/26/17,25,D
FLC1,6/26/17,600,D
FLC2,6/26/17,580,D
H3,6/26/17,35,D
LN1,6/26/17,1,D
N1,6/26/17,20,D
N3B,6/26/17,11,D
N4,6/26/17,7,D
N5,6/26/17,NS,NS
NR1,6/26/17,10,D
AC1,6/22/17,216,D
AC2,6/22/17,700,D
BR1,6/22/17,500,D
BR3,6/22/17,212,D
F1,6/22/17,NS,NS
F5,6/22/17,NS,NS
HC1,6/22/17,82,D
HC2,6/22/17,38,D
HC3,6/22/17,NS,NS
J14,6/22/17,NS,NS
J15,6/22/17,NS,NS
J16,6/22/17,NS,NS
BB2,6/21/17,192,W
BB4,6/21/17,12,W
CIC2,6/21/17,260,W
GC3,6/21/17,230,W
GC4,6/21/17,340,W
GC5,6/21/17,210,W
GC6,6/21/17,270,W
GHC,6/21/17,4,W
HOB,6/21/17,14,W
J1,6/21/17,2,W
J10,6/21/17,2,W
J11,6/21/17,2,W
J12,6/21/17,4,W
J2,6/21/17,2,W
J3,6/21/17,2,W
J5,6/21/17,2,W
J7,6/21/17,2,W
J8,6/21/17,2,W
J9A,6/21/17,2,W
JA1,6/21/17,4,W
N16,6/21/17,NS,W
N9,6/21/17,2,W
N9A,6/21/17,2,W
PB2,6/21/17,2,W
PB3,6/21/17,2,W
SP1,6/21/17,20,W
SP2,6/21/17,2,W
TB1,6/21/17,125,W
TB2,6/21/17,64,W
CIC3,6/20/17,380,W
E12,6/20/17,160,W
E13,6/20/17,116,W
G2,6/20/17,1100,W
GB1,6/20/17,20,W
HR03,6/20/17,1500,W
HR1,6/20/17,1300,W
HR2,6/20/17,1000,W
K1,6/20/17,121,W
K2,6/20/17,106,W
K3,6/20/17,124,W
K4,6/20/17,480,W
K5,6/20/17,44,W
K5A,6/20/17,22,W
K6,6/20/17,2,W
N6,6/20/17,91,W
N7,6/20/17,58,W
N8,6/20/17,62,W
NC0,6/20/17,11100,W
NC1,6/20/17,17500,W
NC2,6/20/17,19300,W
NC3,6/20/17,19000,W
WC1,6/20/17,6000,W
WC2,6/20/17,6000,W
WC3,6/20/17,4500,W
BR5,6/19/17,78,W
E10,6/19/17,2,W
E11,6/19/17,2,W
E14,6/19/17,18,W
E15,6/19/17,60,W
E2,6/19/17,NS,NS
E4,6/19/17,8,W
E6,6/19/17,8,W
E7,6/19/17,8,W
E8,6/19/17,8,W
FB1,6/19/17,82,W
FLC1,6/19/17,2400,W
FLC2,6/19/17,4200,W
H3,6/19/17,80,W
LN1,6/19/17,2,W
N1,6/19/17,NS,NS
N3B,6/19/17,8,W
N4,6/19/17,10,W
N5,6/19/17,2,W
NR1,6/19/17,6,W
AC1,6/15/17,150,W
AC2,6/15/17,480,W
BR1,6/15/17,70,W
BR3,6/15/17,60,W
E12,6/15/17,10,W
E13,6/15/17,4,W
HR03,6/15/17,20,W
HR1,6/15/17,10,W
HR2,6/15/17,30,W
WC1,6/15/17,56,W
WC2,6/15/17,104,W
WC3,6/15/17,8,W
BB2,6/14/17,8000,W
BB4,6/14/17,2580,W
CIC2,6/14/17,100,W
GC3,6/14/17,42000,W
GC4,6/14/17,44000,W
GC5,6/14/17,43000,W
GC6,6/14/17,36000,W
GHC,6/14/17,2,W
HOB,6/14/17,2,W
J1,6/14/17,2,W
J10,6/14/17,2,W
J11,6/14/17,2,W
J12,6/14/17,2,W
J2,6/14/17,2,W
J3,6/14/17,2,W
J5,6/14/17,2,W
J7,6/14/17,10,W
J8,6/14/17,2,W
J9A,6/14/17,2,W
JA1,6/14/17,30,W
N16,6/14/17,2,W
N9,6/14/17,2,W
N9A,6/14/17,2,W
PB2,6/14/17,2,W
PB3,6/14/17,2,W
SP1,6/14/17,10,W
SP2,6/14/17,2,W
TB1,6/14/17,1200,W
TB2,6/14/17,4,W
CIC3,6/13/17,4,D
F1,6/13/17,2,D
F5,6/13/17,2,D
G2,6/13/17,5,D
GB1,6/13/17,1,D
HC1,6/13/17,2,D
HC2,6/13/17,2,D
HC3,6/13/17,8,D
J14,6/13/17,2,D
J15,6/13/17,2,D
J16,6/13/17,2,D
K1,6/13/17,3,D
K2,6/13/17,2,D
K3,6/13/17,1,D
K4,6/13/17,1,D
K5,6/13/17,1,D
K5A,6/13/17,1,D
K6,6/13/17,1,D
N6,6/13/17,2,D
N7,6/13/17,1,D
N8,6/13/17,2,D
NC0,6/13/17,4,D
NC1,6/13/17,4,D
NC2,6/13/17,4,D
NC3,6/13/17,4,D
BR5,6/12/17,1,D
E10,6/12/17,1,D
E11,6/12/17,1,D
E14,6/12/17,3,D
E15,6/12/17,1,D
E2,6/12/17,2,D
E4,6/12/17,3,D
E6,6/12/17,4,D
E7,6/12/17,3,D
E8,6/12/17,2,D
FB1,6/12/17,7,D
FLC1,6/12/17,60,D
FLC2,6/12/17,4,D
H3,6/12/17,10,D
LN1,6/12/17,1,D
N1,6/12/17,1,D
N3B,6/12/17,1,D
N4,6/12/17,2,D
N5,6/12/17,2,D
NR1,6/12/17,2,D
AC1,6/8/17,36,D
AC2,6/8/17,108,D
BR1,6/8/17,200,D
BR3,6/8/17,16,D
F1,6/8/17,2,D
F5,6/8/17,2,D
HC1,6/8/17,14,D
HC2,6/8/17,12,D
HC3,6/8/17,4,D
J14,6/8/17,2,D
J15,6/8/17,2,D
J16,6/8/17,2,D
BB2,6/7/17,12,D
BB4,6/7/17,1,D
CIC2,6/7/17,380,D
GC3,6/7/17,32,D
GC4,6/7/17,4,D
GC5,6/7/17,100,D
GC6,6/7/17,8,D
GHC,6/7/17,2,D
HOB,6/7/17,1,D
J1,6/7/17,1,D
J10,6/7/17,1,D
J11,6/7/17,2,D
J12,6/7/17,1,D
J2,6/7/17,1,D
J3,6/7/17,1,D
J5,6/7/17,10,D
J7,6/7/17,1,D
J8,6/7/17,1,D
J9A,6/7/17,1,D
JA1,6/7/17,2,D
N16,6/7/17,NS,NS
N9,6/7/17,2,D
N9A,6/7/17,1,D
PB2,6/7/17,1,D
PB3,6/7/17,1,D
SP1,6/7/17,20,D
SP2,6/7/17,1,D
TB1,6/7/17,14,D
TB2,6/7/17,8,D
CIC3,6/6/17,148,W
E12,6/6/17,10,W
E13,6/6/17,2,W
G2,6/6/17,12,W
GB1,6/6/17,2,W
HR03,6/6/17,90,W
HR1,6/6/17,10,W
HR2,6/6/17,160,W
K1,6/6/17,10,W
K2,6/6/17,8,W
K3,6/6/17,66,W
K4,6/6/17,18,W
K5,6/6/17,8,W
K5A,6/6/17,16,W
K6,6/6/17,2,W
N6,6/6/17,18,W
N7,6/6/17,8,W
N8,6/6/17,8,W
NC0,6/6/17,40,W
NC1,6/6/17,40,W
NC2,6/6/17,10,W
NC3,6/6/17,10,W
WC1,6/6/17,120,W
WC2,6/6/17,28,W
WC3,6/6/17,8,W
BR5,6/5/17,12,D
E10,6/5/17,1,D
E11,6/5/17,1,D
E14,6/5/17,3,D
E15,6/5/17,18,D
E2,6/5/17,9,D
E4,6/5/17,13,D
E6,6/5/17,1,D
E7,6/5/17,1,D
E8,6/5/17,2,D
FB1,6/5/17,23,D
FLC1,6/5/17,20,D
FLC2,6/5/17,16,D
H3,6/5/17,6,D
LN1,6/5/17,8,D
N1,6/5/17,2,D
N3B,6/5/17,3,D
N4,6/5/17,4,D
N5,6/5/17,10,D
NR1,6/5/17,7,D
CIC3,6/1/17,11,D
G2,6/1/17,1,D
GB1,6/1/17,3,D
K1,6/1/17,6,D
K2,6/1/17,3,D
K3,6/1/17,8,D
K4,6/1/17,5,D
K5,6/1/17,1,D
K5A,6/1/17,1,D
K6,6/1/17,1,D
N6,6/1/17,1,D
N7,6/1/17,3,D
N8,6/1/17,9,D
NC0,6/1/17,36,D
NC1,6/1/17,20,D
NC2,6/1/17,16,D
NC3,6/1/17,20,D
BB2,5/31/17,4,W
BB4,5/31/17,2,W
GHC,5/31/17,NS,NS
HOB,5/31/17,NS,NS
J1,5/31/17,2,W
J10,5/31/17,2,W
J11,5/31/17,10,W
J12,5/31/17,2,W
J2,5/31/17,2,W
J3,5/31/17,2,W
J5,5/31/17,2,W
J7,5/31/17,2,W
J8,5/31/17,2,W
J9A,5/31/17,2,W
JA1,5/31/17,2,W
N16,5/31/17,2,W
N9,5/31/17,4,W
N9A,5/31/17,2,W
PB2,5/31/17,2,W
PB3,5/31/17,2,W
SP2,5/31/17,2,W
TB1,5/31/17,NS,NS
TB2,5/31/17,NS,NS
BR5,5/30/17,12,D
E10,5/30/17,1,D
E11,5/30/17,5,D
E14,5/30/17,2,D
E15,5/30/17,16,D
E2,5/30/17,7,D
E4,5/30/17,4,D
E6,5/30/17,2,D
E7,5/30/17,10,D
E8,5/30/17,4,D
F1,5/30/17,4,D
F5,5/30/17,8,D
FB1,5/30/17,13,D
FLC1,5/30/17,164,D
FLC2,5/30/17,74,D
H3,5/30/17,23,D
HC1,5/30/17,2,D
HC2,5/30/17,2,D
HC3,5/30/17,2,D
J14,5/30/17,2,D
J15,5/30/17,2,D
J16,5/30/17,2,D
LN1,5/30/17,1,D
N1,5/30/17,5,D
N3B,5/30/17,6,D
N4,5/30/17,51,D
N5,5/30/17,20,D
NR1,5/30/17,15,D
AC1,5/25/17,220,W
AC2,5/25/17,2400,W
BR1,5/25/17,21000,W
BR3,5/25/17,170,W
F1,5/25/17,NS,W
F5,5/25/17,NS,W
HC1,5/25/17,10,W
HC2,5/25/17,10,W
HC3,5/25/17,NS,W
J14,5/25/17,NS,W
J15,5/25/17,NS,W
J16,5/25/17,NS,W
BB2,5/24/17,255,W
BB4,5/24/17,2,W
CIC2,5/24/17,3700,W
GC3,5/24/17,10,W
GC4,5/24/17,10,W
GC5,5/24/17,30,W
GC6,5/24/17,30,W
GHC,5/24/17,8,W
HOB,5/24/17,2,W
J1,5/24/17,2,W
J10,5/24/17,2,W
J11,5/24/17,8,W
J12,5/24/17,2,W
J2,5/24/17,2,W
J3,5/24/17,2,W
J5,5/24/17,2,W
J7,5/24/17,4,W
J8,5/24/17,2,W
J9A,5/24/17,2,W
JA1,5/24/17,2,W
N16,5/24/17,NS,NS
N9,5/24/17,2,W
N9A,5/24/17,2,W
PB2,5/24/17,2,W
PB3,5/24/17,2,W
SP1,5/24/17,50,W
SP2,5/24/17,2,W
TB1,5/24/17,32,W
TB2,5/24/17,14,W
CIC3,5/23/17,NS,NS
E12,5/23/17,40,W
E13,5/23/17,52,W
G2,5/23/17,64,W
GB1,5/23/17,102,W
HR03,5/23/17,720,W
HR1,5/23/17,430,W
HR2,5/23/17,1000,W
K1,5/23/17,52,W
K2,5/23/17,28,W
K3,5/23/17,34,W
K4,5/23/17,88,W
K5,5/23/17,16,W
K5A,5/23/17,22,W
K6,5/23/17,2,W
N6,5/23/17,16,W
N7,5/23/17,14,W
N8,5/23/17,18,W
NC0,5/23/17,1420,W
NC1,5/23/17,780,W
NC2,5/23/17,620,W
NC3,5/23/17,240,W
WC1,5/23/17,227,W
WC2,5/23/17,1100,W
WC3,5/23/17,32,W
BR5,5/22/17,30,W
E10,5/22/17,2,W
E11,5/22/17,4,W
E14,5/22/17,2,W
E15,5/22/17,80,W
E2,5/22/17,12,W
E4,5/22/17,4,W
E6,5/22/17,12,W
E7,5/22/17,2,W
E8,5/22/17,2,W
FB1,5/22/17,28,W
FLC1,5/22/17,415,W
FLC2,5/22/17,190,W
H3,5/22/17,36,W
LN1,5/22/17,6,W
N1,5/22/17,2,W
N3B,5/22/17,10,W
N4,5/22/17,16,W
N5,5/22/17,34,W
NR1,5/22/17,8,W
AC1,5/18/17,2000,D
AC2,5/18/17,1200,D
BR1,5/18/17,136,D
BR3,5/18/17,116,D
E12,5/18/17,4,D
E13,5/18/17,2,D
HR03,5/18/17,8,D
HR1,5/18/17,4,D
HR2,5/18/17,36,D
WC1,5/18/17,16,D
WC2,5/18/17,159,D
WC3,5/18/17,46,D
CIC2,5/17/17,16,D
GC3,5/17/17,52,D
GC4,5/17/17,28,D
GC5,5/17/17,52,D
GC6,5/17/17,20,D
SP1,5/17/17,2,D
F1,5/16/17,2,D
F5,5/16/17,2,D
HC1,5/16/17,8,D
HC2,5/16/17,2,D
HC3,5/16/17,2,D
J14,5/16/17,2,D
J15,5/16/17,2,D
J16,5/16/17,2,D
AC1,5/11/17,4,D
AC2,5/11/17,216,D
BR1,5/11/17,20,D
BR3,5/11/17,36,D
E12,5/11/17,4,D
E13,5/11/17,1,D
HR03,5/11/17,8,D
HR1,5/11/17,8,D
HR2,5/11/17,4,D
WC1,5/11/17,12,D
WC2,5/11/17,44,D
WC3,5/11/17,1,D
CIC2,5/10/17,192,D
GC3,5/10/17,60,D
GC4,5/10/17,28,D
GC5,5/10/17,68,D
GC6,5/10/17,12,D
SP1,5/10/17,600,D
F1,5/9/17,4,D
F5,5/9/17,10,D
HC1,5/9/17,76,D
HC2,5/9/17,6,D
HC3,5/9/17,2,D
J14,5/9/17,2,D
J15,5/9/17,2,D
J16,5/9/17,2,D
AC1,5/4/17,NS,NS
AC2,5/4/17,212,D
BR1,5/4/17,64,D
BR3,5/4/17,12,D
E12,5/4/17,4,D
E13,5/4/17,1,D
HR03,5/4/17,16,D
HR1,5/4/17,8,D
HR2,5/4/17,28,D
WC1,5/4/17,7,D
WC2,5/4/17,42,D
WC3,5/4/17,6,D
CIC2,5/3/17,600,D
GC3,5/3/17,32,D
GC4,5/3/17,92,D
GC5,5/3/17,48,D
GC6,5/3/17,76,D
SP1,5/3/17,4,D
F1,5/2/17,8,D
F5,5/2/17,2,D
HC1,5/2/17,46,D
HC2,5/2/17,16,D
HC3,5/2/17,4,D
J14,5/2/17,4,D
J15,5/2/17,2,D
J16,5/2/17,2,D
F1,4/12/17,10,D
F5,4/12/17,22,D
HC1,4/12/17,36,D
HC2,4/12/17,20,D
HC3,4/12/17,2,D
J14,4/12/17,2,D
J15,4/12/17,2,D
J16,4/12/17,2,D
CIC2,4/11/17,280,D
GC3,4/11/17,16,D
GC4,4/11/17,8,D
GC5,4/11/17,24,D
GC6,4/11/17,48,D
SP1,4/11/17,12,D
AC1,4/6/17,1400,W
AC2,4/6/17,430,W
BR1,4/6/17,400,W
BR3,4/6/17,370,W
E12,4/6/17,10,W
E13,4/6/17,36,W
HR03,4/6/17,NS,NS
HR1,4/6/17,NS,NS
HR2,4/6/17,NS,NS
WC1,4/6/17,152,W
WC2,4/6/17,208,W
WC3,4/6/17,12,W
BB2,4/5/17,168,W
BB4,4/5/17,20,W
GHC,4/5/17,4,W
HOB,4/5/17,30,W
J1,4/5/17,2,W
J10,4/5/17,4,W
J11,4/5/17,2,W
J12,4/5/17,4,W
J2,4/5/17,2,W
J3,4/5/17,4,W
J5,4/5/17,6,W
J7,4/5/17,4,W
J8,4/5/17,4,W
J9A,4/5/17,4,W
JA1,4/5/17,2,W
N16,4/5/17,NS,NS
N9,4/5/17,10,W
N9A,4/5/17,6,W
PB2,4/5/17,8,W
PB3,4/5/17,6,W
SP2,4/5/17,2,W
TB1,4/5/17,107,W
TB2,4/5/17,20,W
CIC3,4/4/17,660,W
G2,4/4/17,284,W
GB1,4/4/17,720,W
K1,4/4/17,160,W
K2,4/4/17,139,W
K3,4/4/17,324,W
K4,4/4/17,272,W
K5,4/4/17,48,W
K5A,4/4/17,34,W
K6,4/4/17,NS,NS
N6,4/4/17,196,W
N7,4/4/17,460,W
N8,4/4/17,247,W
NC0,4/4/17,17900,W
NC1,4/4/17,12800,W
NC2,4/4/17,13400,W
NC3,4/4/17,860,W
BR5,4/3/17,19,D
E10,4/3/17,1,D
E11,4/3/17,1,D
E14,4/3/17,12,D
E15,4/3/17,32,D
E2,4/3/17,56,D
E4,4/3/17,15,D
E6,4/3/17,12,D
E7,4/3/17,6,D
E8,4/3/17,7,D
FB1,4/3/17,14,D
FLC1,4/3/17,192,D
FLC2,4/3/17,68,D
H3,4/3/17,96,D
LN1,4/3/17,1,D
N1,4/3/17,52,D
N3B,4/3/17,72,D
N4,4/3/17,50,D
N5,4/3/17,78,D
NR1,4/3/17,64,D
BB2,3/29/17,176,W
BB4,3/29/17,26,W
GHC,3/29/17,2,W
HOB,3/29/17,4,W
J1,3/29/17,2,W
J10,3/29/17,2,W
J11,3/29/17,20,W
J12,3/29/17,2,W
J2,3/29/17,2,W
J3,3/29/17,2,W
J5,3/29/17,4,W
J7,3/29/17,14,W
J8,3/29/17,6,W
J9A,3/29/17,4,W
JA1,3/29/17,8,W
N16,3/29/17,2,W
N9,3/29/17,2,W
N9A,3/29/17,2,W
PB2,3/29/17,2,W
PB3,3/29/17,2,W
SP2,3/29/17,2,W
TB1,3/29/17,92,W
TB2,3/29/17,20,W
CIC2,3/27/17,9400,W
GC3,3/27/17,10,W
GC4,3/27/17,10,W
GC5,3/27/17,10,W
GC6,3/27/17,30,W
SP1,3/27/17,290,W
AC1,3/23/17,48,D
AC2,3/23/17,400,D
BR1,3/23/17,116,D
BR3,3/23/17,4,D
E12,3/23/17,4,D
E13,3/23/17,1,D
HR03,3/23/17,20,D
HR1,3/23/17,16,D
HR2,3/23/17,56,D
WC1,3/23/17,12,D
WC2,3/23/17,24,D
WC3,3/23/17,2,D
F1,3/21/17,4,W
F5,3/21/17,4,W
HC1,3/21/17,10,W
HC2,3/21/17,10,W
HC3,3/21/17,10,W
J14,3/21/17,4,W
J15,3/21/17,4,W
J16,3/21/17,4,W
CIC3,3/8/17,12,W
G2,3/8/17,2,W
GB1,3/8/17,6,W
K1,3/8/17,8,W
K2,3/8/17,4,W
K3,3/8/17,10,W
K4,3/8/17,4,W
K5,3/8/17,12,W
K5A,3/8/17,4,W
K6,3/8/17,NS,NS
N6,3/8/17,18,W
N7,3/8/17,10,W
N8,3/8/17,2,W
NC0,3/8/17,90,W
NC1,3/8/17,620,W
NC2,3/8/17,535,W
NC3,3/8/17,280,W
BR5,3/7/17,15,D
E10,3/7/17,4,D
E11,3/7/17,5,D
E14,3/7/17,1,D
E15,3/7/17,22,D
E2,3/7/17,9,D
E4,3/7/17,14,D
E6,3/7/17,66,D
E7,3/7/17,2,D
E8,3/7/17,1,D
FB1,3/7/17,6,D
FLC1,3/7/17,118,D
FLC2,3/7/17,58,D
H3,3/7/17,40,D
LN1,3/7/17,NS,NS
N1,3/7/17,60,D
N3B,3/7/17,33,D
N4,3/7/17,23,D
N5,3/7/17,11,D
NR1,3/7/17,64,D
AC1,2/16/17,112,D
AC2,2/16/17,80,D
BR1,2/16/17,172,D
BR3,2/16/17,68,D
E12,2/16/17,8,D
E13,2/16/17,6,D
HR03,2/16/17,88,D
HR1,2/16/17,235,D
HR2,2/16/17,12,D
WC1,2/16/17,42,D
WC2,2/16/17,40,D
WC3,2/16/17,6,D
CIC3,2/15/17,23,D
G2,2/15/17,5,D
GB1,2/15/17,4,D
K1,2/15/17,26,D
K2,2/15/17,12,D
K3,2/15/17,17,D
K4,2/15/17,30,D
K5,2/15/17,35,D
K5A,2/15/17,61,D
K6,2/15/17,1,D
N6,2/15/17,2,D
N7,2/15/17,7,D
N8,2/15/17,1,D
NC0,2/15/17,410,D
NC1,2/15/17,420,D
NC2,2/15/17,320,D
NC3,2/15/17,177,D
F1,2/14/17,32,D
F5,2/14/17,8,D
HC1,2/14/17,58,D
HC2,2/14/17,2,D
HC3,2/14/17,2,D
J14,2/14/17,8,D
J15,2/14/17,2,D
J16,2/14/17,2,D
CIC2,2/13/17,2600,W
GC3,2/13/17,20,W
GC4,2/13/17,20,W
GC5,2/13/17,30,W
GC6,2/13/17,10,W
SP1,2/13/17,10,W
BB2,2/8/17,183,D
BB4,2/8/17,16,D
GHC,2/8/17,1,D
HOB,2/8/17,3,D
J1,2/8/17,3,D
J10,2/8/17,2,D
J11,2/8/17,2,D
J12,2/8/17,1,D
J2,2/8/17,2,D
J3,2/8/17,5,D
J5,2/8/17,2,D
J7,2/8/17,10,D
J8,2/8/17,4,D
J9A,2/8/17,4,D
JA1,2/8/17,1,D
N16,2/8/17,NS,NS
N9,2/8/17,4,D
N9A,2/8/17,1,D
PB2,2/8/17,3,D
PB3,2/8/17,4,D
SP2,2/8/17,9,D
TB1,2/8/17,124,D
TB2,2/8/17,51,D
BR5,2/6/17,8,D
E10,2/6/17,10,D
E11,2/6/17,12,D
E14,2/6/17,6,D
E15,2/6/17,1,D
E2,2/6/17,16,D
E4,2/6/17,12,D
E6,2/6/17,1,D
E7,2/6/17,2,D
E8,2/6/17,1,D
FB1,2/6/17,6,D
FLC1,2/6/17,64,D
FLC2,2/6/17,166,D
H3,2/6/17,32,D
LN1,2/6/17,NS,NS
N1,2/6/17,25,D
N3B,2/6/17,8,D
N4,2/6/17,2,D
N5,2/6/17,5,D
NR1,2/6/17,4,D
CIC3,1/19/17,46,W
G2,1/19/17,36,W
GB1,1/19/17,22,W
K1,1/19/17,14,W
K2,1/19/17,30,W
K3,1/19/17,102,W
K4,1/19/17,22,W
K5,1/19/17,18,W
K5A,1/19/17,12,W
K6,1/19/17,6,W
N6,1/19/17,18,W
N7,1/19/17,28,W
N8,1/19/17,32,W
NC0,1/19/17,5800,W
NC1,1/19/17,1137,W
NC2,1/19/17,2600,W
NC3,1/19/17,470,W
BR5,1/18/17,10,W
E10,1/18/17,2,W
E11,1/18/17,2,W
E14,1/18/17,2,W
E15,1/18/17,140,W
E2,1/18/17,26,W
E4,1/18/17,2,W
E6,1/18/17,20,W
E7,1/18/17,10,W
E8,1/18/17,8,W
FB1,1/18/17,54,W
FLC1,1/18/17,370,W
FLC2,1/18/17,100,W
H3,1/18/17,20,W
LN1,1/18/17,6,W
N1,1/18/17,12,W
N3B,1/18/17,16,W
N4,1/18/17,10,W
N5,1/18/17,40,W
NR1,1/18/17,14,W
F1,1/17/17,97,D
F5,1/17/17,26,D
HC1,1/17/17,89,D
HC2,1/17/17,2,D
HC3,1/17/17,14,D
J14,1/17/17,18,D
J15,1/17/17,4,D
J16,1/17/17,6,D
BB2,1/11/17,59000,W
BB4,1/11/17,560,W
GHC,1/11/17,2,W
HOB,1/11/17,30,W
J1,1/11/17,12,W
J10,1/11/17,4,W
J11,1/11/17,184,W
J12,1/11/17,60,W
J2,1/11/17,6,W
J3,1/11/17,8,W
J5,1/11/17,4,W
J7,1/11/17,26,W
J8,1/11/17,132,W
J9A,1/11/17,20,W
JA1,1/11/17,2,W
N16,1/11/17,NS,NS
N9,1/11/17,2,W
N9A,1/11/17,2,W
PB2,1/11/17,NS,NS
PB3,1/11/17,NS,NS
SP2,1/11/17,40,W
TB1,1/11/17,840,W
TB2,1/11/17,188,W
AC1,1/5/17,20,W
AC2,1/5/17,40,W
BR1,1/5/17,480,W
BR3,1/5/17,20,W
E12,1/5/17,10,W
E13,1/5/17,10,W
HR03,1/5/17,10,W
HR1,1/5/17,10,W
HR2,1/5/17,30,W
WC1,1/5/17,NS,NS
WC2,1/5/17,NS,NS
WC3,1/5/17,NS,NS
CIC2,1/4/17,3000,W
GC3,1/4/17,70,W
GC4,1/4/17,20,W
GC5,1/4/17,50,W
GC6,1/4/17,50,W
SP1,1/4/17,10,W